day_id,name,city,country,theme,ideal_for,budget_level,difficulty_level,duration_hours,season_best,weather_dependent,description
paris_sacred_churches,Sacred Paris Churches & Chapels,Paris,France,"[""spirituality"", ""architecture"", ""history""]","[""couples"", ""families"", ""solo""]",low,easy,7,"[""spring"", ""summer"", ""fall"", ""winter""]",false,"Explore Paris's most beautiful sacred spaces including Sainte-Chapelle's stunning stained glass, Notre-Dame area, Saint-Sulpice, and Saint-Germain-des-Prés"
paris_left_bank_literary,Left Bank Literary Quarter,Paris,France,"[""literature"", ""history"", ""intellectual""]","[""couples"", ""solo"", ""students""]",low,easy,8,"[""spring"", ""summer"", ""fall"", ""winter""]",false,"Discover literary Paris with Shakespeare & Company bookstore, Panthéon, Latin Quarter walks, Sorbonne area, and Luxembourg Gardens"
paris_impressionist_deep,Impressionist Paris Deep Dive,Paris,France,"[""art"", ""impressionism"", ""nature""]","[""art_lovers"", ""couples"", ""families""]",high,moderate,10,"[""spring"", ""summer"", ""fall""]",false,"Complete impressionist experience: Musée d'Orsay, Musée de l'Orangerie, Musée Marmottan Monet, and Giverny gardens day trip"
paris_versailles_royal,Historic Royal Versailles,Paris,France,"[""royalty"", ""history"", ""luxury""]","[""couples"", ""families"", ""history_buffs""]",high,moderate,9,"[""spring"", ""summer"", ""fall""]",false,"Full Versailles experience: Palace tour, Hall of Mirrors, Marie Antoinette's Estate, and magnificent gardens with fountains"
paris_hidden_museums,Hidden Paris Museums,Paris,France,"[""art"", ""sculpture"", ""hidden_gems""]","[""art_lovers"", ""couples"", ""solo""]",medium,easy,8,"[""spring"", ""summer"", ""fall"", ""winter""]",false,"Discover lesser-known treasures: Musée Rodin & gardens, Musée Picasso in Le Marais, Musée Carnavalet, and medieval Musée Cluny"
paris_bohemian_montmartre,Bohemian Montmartre,Paris,France,"[""bohemian"", ""art"", ""local_culture""]","[""couples"", ""friends"", ""solo""]",medium,moderate,7,"[""spring"", ""summer"", ""fall"", ""winter""]",false,"Artistic Montmartre with Sacré-Cœur, Place du Tertre artists, Moulin Rouge area, vineyards, and Amélie filming locations"
paris_trendy_marais,Trendy Le Marais,Paris,France,"[""trendy"", ""diversity"", ""food""]","[""couples"", ""friends"", ""lgbtq""]",medium,easy,6,"[""spring"", ""summer"", ""fall"", ""winter""]",false,"Explore trendy Marais: Jewish quarter, Place des Vosges, vintage shopping, amazing falafel, and LGBTQ+ friendly venues"
paris_chic_saint_germain,Chic Saint-Germain,Paris,France,"[""luxury"", ""shopping"", ""cafes""]","[""couples"", ""luxury_travelers""]",high,easy,6,"[""spring"", ""summer"", ""fall"", ""winter""]",false,"Elegant Saint-Germain: iconic cafés de Flore & Les Deux Magots, luxury shopping, art galleries, and Le Bon Marché"
paris_alternative_belleville,Alternative Belleville & Canal,Paris,France,"[""alternative"", ""street_art"", ""local""]","[""young_travelers"", ""friends"", ""solo""]",low,easy,7,"[""spring"", ""summer"", ""fall""]",false,"Alternative Paris: Belleville street art, Canal Saint-Martin walks, local markets, hip bars, and Parc des Buttes-Chaumont"
paris_night_experience,Paris by Night,Paris,France,"[""nightlife"", ""romance"", ""entertainment""]","[""couples"", ""friends""]",high,easy,6,"[""spring"", ""summer"", ""fall"", ""winter""]",false,"Magical Paris nights: Eiffel Tower illumination, Seine night cruise, Moulin Rouge show, and late-night bistros"
paris_culinary_tour,Culinary Paris Food Tour,Paris,France,"[""food"", ""culinary"", ""hands_on""]","[""food_lovers"", ""couples"", ""friends""]",high,easy,8,"[""spring"", ""summer"", ""fall"", ""winter""]",false,"Gastronomic journey: traditional markets, cheese & wine tasting, cooking classes, and pastry workshops"
paris_underground_mystery,Paris Catacombs & Underground,Paris,France,"[""underground"", ""mystery"", ""unique""]","[""adventurous"", ""couples"", ""friends""]",medium,moderate,6,"[""spring"", ""summer"", ""fall"", ""winter""]",false,"Mysterious underground Paris: famous Catacombs, Sewers museum, underground tours, and hidden city stories"
paris_family_fun,Family Fun Paris,Paris,France,"[""family"", ""kids"", ""theme_parks""]","[""families"", ""kids""]",high,moderate,10,"[""spring"", ""summer"", ""fall""]",true,"Perfect family day: Disneyland Paris OR Jardin d'Acclimatation, Parc de la Villette, and interactive Cité des Sciences"
paris_parks_gardens,Paris Parks & Gardens,Paris,France,"[""nature"", ""peaceful"", ""outdoor""]","[""families"", ""couples"", ""solo""]",low,easy,7,"[""spring"", ""summer"", ""fall""]",true,"Green Paris: Tuileries Garden, Luxembourg Gardens, Bois de Boulogne, and historic Père Lachaise Cemetery"
paris_fashion_shopping,Fashion & Shopping Paris,Paris,France,"[""fashion"", ""shopping"", ""luxury""]","[""fashion_lovers"", ""couples"", ""friends""]",high,easy,7,"[""spring"", ""summer"", ""fall"", ""winter""]",false,"Fashion capital tour: Champs-Élysées luxury, Galeries Lafayette, vintage Marais shopping, and fashion museums"
paris_fontainebleau_trip,Fontainebleau & Vaux-le-Vicomte,Paris,France,"[""day_trip"", ""castles"", ""countryside""]","[""couples"", ""families"", ""history_buffs""]",high,moderate,10,"[""spring"", ""summer"", ""fall""]",false,"Royal countryside: Château de Fontainebleau, magnificent Vaux-le-Vicomte castle, and beautiful French countryside"
london_tower_deep_dive,Tower of London Deep Dive,London,United Kingdom,"[""history"", ""royalty"", ""medieval""]","[""families"", ""history_buffs"", ""couples""]",high,easy,8,"[""spring"", ""summer"", ""fall"", ""winter""]",false,"Complete Tower experience: Crown Jewels, Beefeater tours, Tower Bridge, and medieval London stories"
london_westminster_political,Westminster Political Power,London,United Kingdom,"[""politics"", ""history"", ""power""]","[""couples"", ""solo"", ""students""]",high,easy,7,"[""spring"", ""summer"", ""fall"", ""winter""]",false,"Political heart of London: Houses of Parliament, Big Ben area, Westminster Abbey, Churchill War Rooms"
london_royal_parks,Royal Parks & Palaces,London,United Kingdom,"[""royalty"", ""parks"", ""ceremonies""]","[""families"", ""couples"", ""solo""]",medium,easy,8,"[""spring"", ""summer"", ""fall""]",true,"Royal London: Buckingham Palace, Hyde Park, Kensington Palace, St. James's Park, Changing of the Guard"
london_churches_cathedrals,London Churches & Cathedrals,London,United Kingdom,"[""spirituality"", ""architecture"", ""views""]","[""couples"", ""families"", ""solo""]",medium,moderate,7,"[""spring"", ""summer"", ""fall"", ""winter""]",false,"Sacred London: St. Paul's Cathedral dome climb, Westminster Abbey, Temple Church, Southwark Cathedral"
london_historic_city,Historic City of London,London,United Kingdom,"[""finance"", ""ancient"", ""hidden_history""]","[""solo"", ""couples"", ""business_travelers""]",low,easy,6,"[""spring"", ""summer"", ""fall"", ""winter""]",false,"Financial heart exploration: Bank of England Museum, Guildhall, Leadenhall Market, Roman London ruins"
london_british_museum,British Museum Masterpieces,London,United Kingdom,"[""world_history"", ""artifacts"", ""education""]","[""families"", ""students"", ""solo""]",free,easy,8,"[""spring"", ""summer"", ""fall"", ""winter""]",false,"World treasures: Egyptian mummies, Rosetta Stone, Greek sculptures, and British history artifacts"
london_tate_bankside,Tate Modern & Bankside,London,United Kingdom,"[""modern_art"", ""shakespeare"", ""food""]","[""art_lovers"", ""couples"", ""friends""]",medium,easy,7,"[""spring"", ""summer"", ""fall"", ""winter""]",false,"Cultural Bankside: Tate Modern contemporary art, Shakespeare's Globe, Borough Market, Millennium Bridge"
london_south_kensington,South Kensington Museums,London,United Kingdom,"[""science"", ""natural_history"", ""design""]","[""families"", ""students"", ""solo""]",free,easy,9,"[""spring"", ""summer"", ""fall"", ""winter""]",false,"Museum district: Victoria & Albert Museum, Natural History Museum, Science Museum, Royal Albert Hall area"
london_national_covent,National Gallery & Covent Garden,London,United Kingdom,"[""classical_art"", ""entertainment"", ""street_performance""]","[""couples"", ""families"", ""friends""]",medium,easy,6,"[""spring"", ""summer"", ""fall"", ""winter""]",false,"Art & entertainment: National Gallery masterpieces, Trafalgar Square, Covent Garden performers, West End theatre"
london_alternative_art,Alternative London Art,London,United Kingdom,"[""british_art"", ""alternative"", ""contemporary""]","[""art_lovers"", ""young_travelers"", ""solo""]",medium,easy,7,"[""spring"", ""summer"", ""fall"", ""winter""]",false,"Alternative art scene: Tate Britain, Wallace Collection, Courtauld Gallery, Shoreditch street art"
london_camden_regents,Camden & Regent's Park,London,United Kingdom,"[""alternative"", ""markets"", ""music""]","[""young_travelers"", ""families"", ""friends""]",medium,easy,7,"[""spring"", ""summer"", ""fall""]",true,"Alternative London: Camden Market, Regent's Park & Zoo, Primrose Hill views, music venues"
london_notting_portobello,Notting Hill & Portobello,London,United Kingdom,"[""markets"", ""books"", ""canals""]","[""couples"", ""families"", ""solo""]",medium,easy,6,"[""spring"", ""summer"", ""fall"", ""winter""]",false,"Charming London: Portobello Road Market, Notting Hill bookshops, Little Venice canals, Hyde Park west"
london_east_hipster,East London Hipster Tour,London,United Kingdom,"[""hipster"", ""street_art"", ""curry""]","[""young_travelers"", ""friends"", ""food_lovers""]",medium,easy,7,"[""spring"", ""summer"", ""fall"", ""winter""]",false,"Trendy East London: Shoreditch street art, Brick Lane curry houses, Spitalfields Market, alternative venues"
london_greenwich_trip,Greenwich Day Trip,London,United Kingdom,"[""maritime"", ""science"", ""day_trip""]","[""families"", ""couples"", ""solo""]",medium,easy,8,"[""spring"", ""summer"", ""fall""]",true,"Maritime Greenwich: Royal Observatory, Cutty Sark ship, Greenwich Park, Prime Meridian, Maritime Museum"
london_harry_potter,Harry Potter London,London,United Kingdom,"[""harry_potter"", ""fantasy"", ""family""]","[""families"", ""fans"", ""friends""]",high,easy,10,"[""spring"", ""summer"", ""fall"", ""winter""]",false,"Magical London: Warner Bros. Studio Tour, Platform 9¾, filming locations, Harry Potter shops"
london_thames_river,London by Thames,London,United Kingdom,"[""river"", ""views"", ""relaxed""]","[""couples"", ""families"", ""solo""]",medium,easy,6,"[""spring"", ""summer"", ""fall""]",true,"River experience: Thames cruise, Greenwich to Westminster, London Eye, historic riverside pubs"
london_quirky_hidden,Quirky London Hidden Gems,London,United Kingdom,"[""quirky"", ""hidden_gems"", ""unusual""]","[""curious_travelers"", ""couples"", ""solo""]",medium,easy,7,"[""spring"", ""summer"", ""fall"", ""winter""]",false,"Secret London: Dennis Severs' House, Sir John Soane's Museum, Leighton House, hidden locations"
london_food_scene,London Food Scene,London,United Kingdom,"[""food"", ""traditional"", ""multicultural""]","[""food_lovers"", ""couples"", ""friends""]",high,easy,8,"[""spring"", ""summer"", ""fall"", ""winter""]",false,"Culinary London: Borough Market tour, traditional pubs, Brick Lane curry, proper afternoon tea"
london_windsor_trip,Windsor Castle Day Trip,London,United Kingdom,"[""royalty"", ""day_trip"", ""castles""]","[""couples"", ""families"", ""history_buffs""]",high,easy,9,"[""spring"", ""summer"", ""fall""]",false,"Royal Windsor: Windsor Castle tour, Royal Windsor town, Eton College area, Thames-side Windsor"
tokyo_classic_temples,Classic Tokyo Temples,Tokyo,Japan,"[""temples"", ""tradition"", ""spirituality""]","[""couples"", ""families"", ""solo""]",low,easy,8,"[""spring"", ""summer"", ""fall"", ""winter""]",false,"Sacred Tokyo: Senso-ji Temple Asakusa, Meiji Shrine, Zojo-ji Temple, traditional shopping streets"
tokyo_imperial_district,Imperial Tokyo,Tokyo,Japan,"[""imperial"", ""history"", ""luxury""]","[""couples"", ""families"", ""history_buffs""]",medium,easy,7,"[""spring"", ""summer"", ""fall"", ""winter""]",false,"Imperial elegance: East Gardens, Tokyo Station historic area, upscale Ginza district, traditional crafts"
tokyo_sumo_traditional,Sumo & Traditional Sports,Tokyo,Japan,"[""sumo"", ""traditional_sports"", ""culture""]","[""couples"", ""friends"", ""culture_enthusiasts""]",medium,easy,6,"[""spring"", ""summer"", ""fall"", ""winter""]",false,"Traditional sports: Sumo training viewing, Sumo museum, traditional sports venues, Chanko nabe dining"
tokyo_tea_gardens,Tea Ceremony & Gardens,Tokyo,Japan,"[""tea_ceremony"", ""gardens"", ""zen""]","[""couples"", ""solo"", ""wellness_seekers""]",medium,easy,7,"[""spring"", ""summer"", ""fall"", ""winter""]",false,"Zen Tokyo: Traditional tea ceremony, Hamarikyu Gardens, Shinjuku Gyoen, meditation experience"
tokyo_artisan_crafts,Artisan Tokyo,Tokyo,Japan,"[""crafts"", ""hands_on"", ""artisans""]","[""couples"", ""families"", ""creative_types""]",high,easy,8,"[""spring"", ""summer"", ""fall"", ""winter""]",false,"Traditional arts: Craft workshops, pottery making, calligraphy classes, local artisan visits"
tokyo_youth_culture,Shibuya & Harajuku Youth Culture,Tokyo,Japan,"[""youth_culture"", ""fashion"", ""modern""]","[""young_travelers"", ""friends"", ""fashion_lovers""]",medium,easy,7,"[""spring"", ""summer"", ""fall"", ""winter""]",false,"Youth Tokyo: Shibuya Crossing, Harajuku fashion, Takeshita Street, pop culture exploration"
tokyo_otaku_akihabara,Otaku Paradise Akihabara,Tokyo,Japan,"[""anime"", ""gaming"", ""otaku""]","[""anime_fans"", ""gamers"", ""young_travelers""]",medium,easy,6,"[""spring"", ""summer"", ""fall"", ""winter""]",false,"Otaku heaven: Electronics district, anime & manga shops, maid cafes, gaming centers"
tokyo_skyscrapers_views,Tokyo Skyscrapers & Views,Tokyo,Japan,"[""views"", ""modern_architecture"", ""night_views""]","[""couples"", ""friends"", ""photography_lovers""]",high,easy,7,"[""spring"", ""summer"", ""fall"", ""winter""]",false,"Sky-high Tokyo: Tokyo Skytree, Tokyo Tower, Government Observatory, rooftop bars with city views"
tokyo_tech_future,Tech & Future Tokyo,Tokyo,Japan,"[""technology"", ""digital_art"", ""future""]","[""tech_enthusiasts"", ""couples"", ""friends""]",high,easy,8,"[""spring"", ""summer"", ""fall"", ""winter""]",false,"Future Tokyo: TeamLab digital art, Robot restaurant, technology museums, cutting-edge districts"
tokyo_nightlife_experience,Tokyo Nightlife,Tokyo,Japan,"[""nightlife"", ""bars"", ""karaoke""]","[""friends"", ""couples"", ""party_lovers""]",high,easy,6,"[""spring"", ""summer"", ""fall"", ""winter""]",false,"Tokyo nights: Shinjuku Golden Gai bars, Kabukicho entertainment, karaoke experience, late-night ramen"
tokyo_fish_market,Tsukiji & Fish Market Culture,Tokyo,Japan,"[""fish_market"", ""sushi"", ""food_culture""]","[""food_lovers"", ""couples"", ""early_risers""]",high,easy,7,"[""spring"", ""summer"", ""fall"", ""winter""]",false,"Fish market culture: Tsukiji Outer Market, fresh sushi breakfast, market tours, cooking classes"
tokyo_ramen_noodles,Ramen & Noodle Tour,Tokyo,Japan,"[""ramen"", ""noodles"", ""local_food""]","[""food_lovers"", ""couples"", ""friends""]",medium,easy,6,"[""spring"", ""summer"", ""fall"", ""winter""]",false,"Noodle paradise: Different ramen styles, udon experiences, noodle museums, local ramen alleys"
tokyo_izakaya_sake,Izakaya & Sake Culture,Tokyo,Japan,"[""izakaya"", ""sake"", ""drinking_culture""]","[""adults"", ""couples"", ""friends""]",high,easy,6,"[""spring"", ""summer"", ""fall"", ""winter""]",false,"Drinking culture: Traditional izakaya hopping, sake tasting, Japanese pub culture, local customs"
tokyo_sweet_culture,Sweet Tokyo,Tokyo,Japan,"[""sweets"", ""desserts"", ""kawaii""]","[""sweet_lovers"", ""families"", ""couples""]",medium,easy,5,"[""spring"", ""summer"", ""fall"", ""winter""]",false,"Sweet Tokyo: Traditional wagashi sweets, modern patisseries, unique Kit-Kat flavors, dessert culture"
tokyo_mount_fuji,Mount Fuji Day Trip,Tokyo,Japan,"[""mount_fuji"", ""nature"", ""day_trip""]","[""couples"", ""families"", ""nature_lovers""]",high,challenging,12,"[""spring"", ""summer"", ""fall""]",true,"Iconic mountain: Mount Fuji 5th Station, Lake Kawaguchi, Hakone hot springs, traditional ryokan lunch"
tokyo_kamakura_historic,Kamakura Historic Day Trip,Tokyo,Japan,"[""day_trip"", ""history"", ""temples""]","[""couples"", ""families"", ""history_buffs""]",medium,moderate,10,"[""spring"", ""summer"", ""fall""]",true,"Historic escape: Great Buddha statue, bamboo forests, ancient temples, charming seaside town"
tokyo_disneysea,Tokyo DisneySea,Tokyo,Japan,"[""disney"", ""theme_park"", ""family""]","[""families"", ""disney_fans"", ""couples""]",high,moderate,12,"[""spring"", ""summer"", ""fall"", ""winter""]",false,"Unique Disney: Japanese Disney experience, themed attractions, full park adventure"
tokyo_ueno_cultural,Ueno Cultural District,Tokyo,Japan,"[""museums"", ""culture"", ""parks""]","[""families"", ""couples"", ""culture_lovers""]",medium,easy,8,"[""spring"", ""summer"", ""fall"", ""winter""]",false,"Cultural hub: Tokyo National Museum, Ueno Zoo, Ueno Park cherry blossoms, multiple museums"
tokyo_bay_odaiba,Tokyo Bay & Odaiba,Tokyo,Japan,"[""technology"", ""artificial_island"", ""views""]","[""couples"", ""families"", ""tech_lovers""]",high,easy,8,"[""spring"", ""summer"", ""fall"", ""winter""]",false,"Future island: Odaiba artificial island, TeamLab Borderless, Tokyo Bay views, technology displays"
nice_promenade_classic,Promenade des Anglais Classic,Nice,France,"[""beaches"", ""luxury"", ""art_deco""]","[""couples"", ""luxury_travelers"", ""families""]",high,easy,7,"[""spring"", ""summer"", ""fall""]",true,"Riviera glamour: Full promenade walk, exclusive beach clubs, Art Deco architecture, sunset aperitifs"
nice_old_town_vieux,Old Town Nice (Vieux Nice),Nice,France,"[""old_town"", ""markets"", ""local_culture""]","[""couples"", ""families"", ""solo""]",medium,easy,6,"[""spring"", ""summer"", ""fall"", ""winter""]",false,"Authentic Nice: Colorful buildings, Cours Saleya market, Baroque churches, artisan shops, Niçoise cuisine"
nice_castle_hill,Castle Hill (Colline du Château),Nice,France,"[""views"", ""nature"", ""photography""]","[""couples"", ""families"", ""photographers""]",free,moderate,4,"[""spring"", ""summer"", ""fall""]",true,"Panoramic Nice: Breathtaking views, hidden waterfall, historic ruins, peaceful gardens"
nice_russian_heritage,Russian Orthodox Heritage,Nice,France,"[""russian_heritage"", ""architecture"", ""culture""]","[""couples"", ""solo"", ""culture_enthusiasts""]",low,easy,5,"[""spring"", ""summer"", ""fall"", ""winter""]",false,"Russian Nice: St. Nicholas Cathedral, Russian Quarter, Belle Époque villas, cultural heritage"
nice_art_museums,Art Museums of Nice,Nice,France,"[""art"", ""museums"", ""famous_artists""]","[""art_lovers"", ""couples"", ""solo""]",medium,easy,8,"[""spring"", ""summer"", ""fall"", ""winter""]",false,"Artistic Nice: Musée Matisse, Musée Chagall, Modern Art Museum, artist studios"
nice_monaco_monte_carlo,Monaco & Monte Carlo,Nice,France,"[""luxury"", ""gambling"", ""royalty""]","[""luxury_travelers"", ""couples"", ""adults""]",high,easy,9,"[""spring"", ""summer"", ""fall""]",false,"Ultimate luxury: Monte Carlo Casino, Prince's Palace, Grand Prix track, luxury yacht harbor"
nice_cannes_film,Cannes & Film Festival Glamour,Nice,France,"[""film"", ""glamour"", ""beaches""]","[""couples"", ""film_lovers"", ""luxury_travelers""]",high,easy,8,"[""spring"", ""summer"", ""fall""]",false,"Film capital: Croisette boulevard, festival sites, luxury boutiques, exclusive beach clubs"
nice_antibes_picasso,Antibes & Picasso,Nice,France,"[""art"", ""picasso"", ""coastal""]","[""art_lovers"", ""couples"", ""culture_enthusiasts""]",medium,easy,8,"[""spring"", ""summer"", ""fall""]",false,"Artistic coast: Picasso Museum, charming old town, Cap d'Antibes walks, luxury yacht spotting"
nice_saint_paul_village,Saint-Paul-de-Vence Artists Village,Nice,France,"[""art_village"", ""medieval"", ""galleries""]","[""art_lovers"", ""couples"", ""culture_enthusiasts""]",medium,easy,7,"[""spring"", ""summer"", ""fall""]",false,"Medieval art village: Hilltop village, art galleries, Fondation Maeght, working artist studios"
nice_grasse_perfume,Perfume Route: Grasse,Nice,France,"[""perfume"", ""workshops"", ""lavender""]","[""couples"", ""families"", ""scent_lovers""]",high,easy,9,"[""spring"", ""summer"", ""fall""]",false,"Perfume capital: Factory tours, fragrance workshops, lavender fields, traditional perfumery"
nice_beach_hopping,French Riviera Beach Hopping,Nice,France,"[""beaches"", ""water_sports"", ""coastal""]","[""couples"", ""families"", ""beach_lovers""]",medium,easy,8,"[""summer""]",true,"Beach paradise: Different beach styles, exclusive vs public, water sports, coastal walks"
nice_coastal_hiking,Coastal Hiking & Nature,Nice,France,"[""hiking"", ""nature"", ""coastal_walks""]","[""active_travelers"", ""couples"", ""nature_lovers""]",low,challenging,7,"[""spring"", ""summer"", ""fall""]",true,"Natural Riviera: Sentier du Littoral path, Cap Ferrat peninsula, natural parks, wildlife"
nice_iles_lerins,Boat Trip to Îles de Lérins,Nice,France,"[""islands"", ""monasteries"", ""pristine_nature""]","[""couples"", ""families"", ""nature_lovers""]",medium,easy,9,"[""spring"", ""summer"", ""fall""]",true,"Island escape: Ferry to islands, monastery visits, pristine beaches, island hiking"
nice_riviera_markets,French Riviera Markets,Nice,France,"[""markets"", ""local_products"", ""flowers""]","[""couples"", ""families"", ""local_culture_lovers""]",medium,easy,6,"[""spring"", ""summer"", ""fall""]",false,"Market culture: Cours Saleya flowers, local food markets, antiques, Provençal products"
nice_nicoise_cuisine,Niçoise Cuisine Deep Dive,Nice,France,"[""cuisine"", ""cooking"", ""wine""]","[""food_lovers"", ""couples"", ""culinary_enthusiasts""]",high,easy,7,"[""spring"", ""summer"", ""fall"", ""winter""]",false,"Culinary Nice: Traditional dishes, cooking classes, restaurant tours, regional wine tasting"
nice_belle_epoque,Belle Époque Nice,Nice,France,"[""belle_epoque"", ""architecture"", ""history""]","[""couples"", ""history_buffs"", ""architecture_lovers""]",medium,easy,6,"[""spring"", ""summer"", ""fall"", ""winter""]",false,"Historic elegance: Villa tours, architecture walks, historical museums, elegant gardens"
nice_gardens_parks,Nice Gardens & Parks,Nice,France,"[""gardens"", ""botanical"", ""family""]","[""families"", ""couples"", ""nature_lovers""]",low,easy,6,"[""spring"", ""summer"", ""fall""]",true,"Green Nice: Phoenix Park & Zoo, botanical gardens, villa gardens, Mediterranean plants"
nice_nightlife_entertainment,Nice Nightlife & Entertainment,Nice,France,"[""nightlife"", ""entertainment"", ""casinos""]","[""couples"", ""friends"", ""party_lovers""]",high,easy,6,"[""spring"", ""summer"", ""fall"", ""winter""]",false,"Riviera nights: Rooftop bars, beach club evenings, live music venues, casino visits"
nice_wellness_spa,Wellness & Spa Nice,Nice,France,"[""wellness"", ""spa"", ""relaxation""]","[""couples"", ""wellness_seekers"", ""luxury_travelers""]",high,easy,7,"[""spring"", ""summer"", ""fall"", ""winter""]",false,"Wellness Riviera: Luxury spa treatments, thermal baths, wellness centers, beach relaxation"
marseille_old_port_deep,Old Port (Vieux-Port) Deep Dive,Marseille,France,"[""maritime"", ""history"", ""fish_market""]","[""couples"", ""families"", ""history_buffs""]",medium,easy,7,"[""spring"", ""summer"", ""fall"", ""winter""]",false,"Historic port: Morning fish market, port history, traditional boat rides, waterfront restaurants"
marseille_notre_dame_garde,Notre-Dame de la Garde,Marseille,France,"[""religious"", ""views"", ""sunset""]","[""couples"", ""families"", ""photographers""]",low,moderate,5,"[""spring"", ""summer"", ""fall"", ""winter""]",false,"Sacred heights: Stunning basilica, panoramic city views, religious art & history, sunset viewing"
marseille_le_panier,Le Panier Historic Quarter,Marseille,France,"[""street_art"", ""artisans"", ""historic_quarter""]","[""couples"", ""solo"", ""art_lovers""]",low,easy,6,"[""spring"", ""summer"", ""fall"", ""winter""]",false,"Artistic quarter: Street art discovery, artisan workshops, historic architecture, local cafes"
marseille_chateau_if,Château d'If & Islands,Marseille,France,"[""islands"", ""history"", ""literature""]","[""couples"", ""families"", ""literature_lovers""]",medium,easy,8,"[""spring"", ""summer"", ""fall""]",true,"Literary island: Ferry to Château d'If, Count of Monte Cristo history, island prison tour, Frioul Islands"
marseille_abbey_saint_victor,Abbey of Saint-Victor,Marseille,France,"[""ancient"", ""religious"", ""crypts""]","[""couples"", ""history_buffs"", ""solo""]",low,easy,4,"[""spring"", ""summer"", ""fall"", ""winter""]",false,"Ancient spirituality: 5th-century crypts, religious heritage, ancient artifacts, spiritual atmosphere"
marseille_mucem_modern,MuCEM & Modern Culture,Marseille,France,"[""modern_culture"", ""mediterranean"", ""architecture""]","[""couples"", ""families"", ""culture_lovers""]",medium,easy,6,"[""spring"", ""summer"", ""fall"", ""winter""]",false,"Mediterranean culture: European & Mediterranean Civilizations museum, modern architecture, cultural exhibitions"
marseille_markets_noailles,Marseille Markets,Marseille,France,"[""markets"", ""north_african"", ""spices""]","[""couples"", ""families"", ""food_lovers""]",low,easy,5,"[""spring"", ""summer"", ""fall"", ""winter""]",false,"Cultural markets: Noailles district, North African influences, spice markets, local food discoveries"
marseille_art_galleries,Art & Galleries Marseille,Marseille,France,"[""contemporary_art"", ""galleries"", ""local_artists""]","[""art_lovers"", ""couples"", ""solo""]",medium,easy,7,"[""spring"", ""summer"", ""fall"", ""winter""]",false,"Contemporary scene: Art centers, local galleries, street art tours, working artist studios"
marseille_multicultural,Multicultural Marseille,Marseille,France,"[""multicultural"", ""diversity"", ""world_cuisine""]","[""couples"", ""friends"", ""culture_enthusiasts""]",medium,easy,6,"[""spring"", ""summer"", ""fall"", ""winter""]",false,"Cultural diversity: North African quarter, international communities, world cuisine tour, cultural exploration"
marseille_calanques_park,Calanques National Park,Marseille,France,"[""nature"", ""hiking"", ""coastal_cliffs""]","[""active_travelers"", ""nature_lovers"", ""hikers""]",low,challenging,9,"[""spring"", ""summer"", ""fall""]",true,"Natural wonder: Dramatic coastal cliffs, hiking trails, crystal-clear waters, protected marine environment"
marseille_cassis_trip,Cassis Day Trip,Marseille,France,"[""fishing_village"", ""boat_trips"", ""wine""]","[""couples"", ""families"", ""wine_lovers""]",high,easy,10,"[""spring"", ""summer"", ""fall""]",true,"Picturesque escape: Charming fishing village, Calanques boat trip, local wine tasting, scenic drives"
marseille_corniche_kennedy,Corniche Kennedy Coastal Drive,Marseille,France,"[""coastal_drive"", ""beaches"", ""scenic""]","[""couples"", ""families"", ""drivers""]",medium,easy,6,"[""spring"", ""summer"", ""fall""]",true,"Scenic coast: Beautiful coastal road, beach stops, coastal restaurants, swimming opportunities"
marseille_aix_provence,Aix-en-Provence Day Trip,Marseille,France,"[""day_trip"", ""cezanne"", ""university_town""]","[""couples"", ""art_lovers"", ""culture_enthusiasts""]",medium,easy,9,"[""spring"", ""summer"", ""fall"", ""winter""]",false,"Elegant Provence: University town, Cézanne's studios, beautiful fountains & markets, Provençal culture"
marseille_beach_day,Marseille Beach Day,Marseille,France,"[""beaches"", ""water_sports"", ""relaxation""]","[""couples"", ""families"", ""beach_lovers""]",medium,easy,7,"[""summer""]",true,"Mediterranean beaches: Prado beaches, beach sports, waterfront dining, crystal-clear swimming"
marseille_bouillabaisse_seafood,Bouillabaisse & Seafood,Marseille,France,"[""bouillabaisse"", ""seafood"", ""cooking""]","[""food_lovers"", ""couples"", ""culinary_enthusiasts""]",high,easy,7,"[""spring"", ""summer"", ""fall"", ""winter""]",false,"Seafood capital: Traditional bouillabaisse experience, fish restaurants, seafood market tours, cooking classes"
marseille_football_culture,Marseille Football Culture,Marseille,France,"[""football"", ""sports_culture"", ""local_passion""]","[""sports_fans"", ""friends"", ""local_culture_lovers""]",medium,easy,5,"[""spring"", ""summer"", ""fall"", ""winter""]",false,"Football passion: Olympique de Marseille stadium, football culture tour, fan experiences, sports history"
marseille_soap_crafts,Soap & Crafts Tradition,Marseille,France,"[""soap_making"", ""crafts"", ""traditional""]","[""couples"", ""families"", ""craft_lovers""]",medium,easy,6,"[""spring"", ""summer"", ""fall"", ""winter""]",false,"Traditional crafts: Marseille soap factory tours, craft workshops, local artisan visits, handmade shopping"
marseille_nightlife_bars,Marseille Nightlife,Marseille,France,"[""nightlife"", ""live_music"", ""terraces""]","[""couples"", ""friends"", ""party_lovers""]",medium,easy,6,"[""spring"", ""summer"", ""fall"", ""winter""]",false,"Mediterranean nights: Cours Julien bars, live music venues, rooftop terraces, local nightlife"
marseille_provence_wine,Provence Wine Route,Marseille,France,"[""wine"", ""vineyards"", ""provence""]","[""wine_lovers"", ""couples"", ""adults""]",high,easy,9,"[""spring"", ""summer"", ""fall""]",false,"Wine country: Regional vineyard visits, wine tasting tours, château visits, famous Provençal rosé"